<?xml version='1.0' encoding='utf-8' standalone='yes' ?>
<map>
    <string name="prev_event_name">app_session_start</string>
    <long name="prev_event_timestamp" value="1762858729700" />
    <int name="appsFlyerInAppEventCount" value="2" />
    <string name="afUninstallToken">dawEewVTRMaV3XnzXjpdYm:APA91bG60Dfaq405DHlR7tXLkAsjTzgX8aeg443iOT4ZK9ar5FbRDtudcaMzGp44RI1yaelFRjCKOR-M_dj4RUOg7O8_X1A4cKfFek0pg_0feZdLuUUs_-I</string>
    <long name="prev_session_dur" value="1" />
    <long name="af_rc_max_age" value="86400" />
    <boolean name="ddl_sent" value="true" />
    <string name="sentSuccessfully">true</string>
    <string name="af_remote_config">eyJmZWF0dXJlcyI6e30sInZlciI6ImRlZmF1bHQudjEuMTYzNzE0OTUyOSJ9</string>
    <int name="versionCode" value="30" />
    <boolean name="sentRegisterRequestToAF" value="true" />
    <string name="savedProperties">{&quot;uid&quot;:&quot;1762858724951-1724512459154079775&quot;,&quot;oneLinkSlug&quot;:&quot;HRWp&quot;}</string>
    <string name="AF_INSTALLATION">1762858724951-1724512459154079775</string>
    <boolean name="afUninstallToken_queued" value="false" />
    <int name="appsFlyerCount" value="2" />
    <long name="af_rc_timestamp" value="1762858725284" />
    <long name="AppsFlyerTimePassedSincePrevLaunch" value="1762858732637" />
    <boolean name="newGPReferrerSent" value="true" />
    <string name="appsFlyerFirstInstall">2025-11-11_162845+0530</string>
    <long name="afUninstallToken_received_time" value="1762858727835" />
    <string name="attributionId">{&quot;install_time&quot;:&quot;2025-11-11 10:58:46.512&quot;,&quot;af_message&quot;:&quot;organic install&quot;,&quot;af_status&quot;:&quot;Organic&quot;,&quot;is_first_launch&quot;:false}</string>
</map>
