<?xml version='1.0' encoding='utf-8' standalone='yes' ?>
<map>
    <int name="appVersion" value="42" />
    <string name="user_session">{&quot;session_id&quot;:&quot;a1083678-d3ba-4a49-b078-b7a4572686f4&quot;,&quot;start_time&quot;:&quot;2025-11-08T18:13:15.418Z&quot;,&quot;last_interaction_time&quot;:1762625603354}</string>
    <long name="last_event_sync_time" value="1762625606780" />
    <long name="inapp_last_sync_time" value="1762625595" />
    <set name="sent_activity_list">
        <string>com.amazon.device.ads.DTBInterstitialActivity</string>
        <string>theoremreach.com.theoremreach.MomentSurveyActivity</string>
        <string>com.freshchat.consumer.sdk.activity.FAQSearchActivity</string>
        <string>androidx.compose.ui.tooling.PreviewActivity</string>
        <string>com.stripe.android.view.PaymentAuthWebViewActivity</string>
        <string>com.radio.pocketfm.app.mobile.ui.splash.SplashActivity</string>
        <string>com.freshchat.consumer.sdk.activity.FAQCategoriesActivity</string>
        <string>io.bidmachine.nativead.view.VideoPlayerActivity</string>
        <string>com.radio.pocketfm.app.mobile.ui.routing.RoutingActivity</string>
        <string>androidx.car.app.CarAppPermissionActivity</string>
        <string>com.applovin.mediation.MaxDebuggerAdUnitsListActivity</string>
        <string>com.google.firebase.auth.internal.RecaptchaActivity</string>
        <string>com.applovin.mediation.MaxDebuggerUnifiedFlowActivity</string>
        <string>com.freshchat.consumer.sdk.activity.DeeplinkInterstitialActivity</string>
        <string>com.google.android.gms.ads.OutOfContextTestingActivity</string>
        <string>com.smaato.sdk.core.browser.SmaatoSdkBrowserActivity</string>
        <string>com.freshchat.consumer.sdk.activity.FAQDetailsActivity</string>
        <string>com.radio.pocketfm.app.mobile.ui.myspace.UserPreferenceComposeActivity</string>
        <string>androidx.credentials.playservices.HiddenActivity</string>
        <string>com.facebook.FacebookActivity</string>
        <string>com.applovin.mediation.MaxDebuggerTestLiveNetworkActivity</string>
        <string>com.facebook.CustomTabMainActivity</string>
        <string>com.applovin.mediation.hybridAds.MaxHybridNativeAdActivity</string>
        <string>com.radio.pocketfm.UserPreferenceActivity</string>
        <string>com.google.android.play.core.common.PlayCoreDialogWrapperActivity</string>
        <string>com.vungle.ads.internal.ui.VungleActivity</string>
        <string>com.moengage.hms.pushkit.PushClickTracker</string>
        <string>com.radio.pocketfm.tv.SplashActivityTV</string>
        <string>com.applovin.mediation.MaxDebuggerWaterfallSegmentsActivity</string>
        <string>com.facebook.ads.AudienceNetworkActivity</string>
        <string>com.google.android.gms.common.api.GoogleApiActivity</string>
        <string>com.radio.pocketfm.app.ads.RewardedAdActivity</string>
        <string>com.inmobi.ads.rendering.InMobiAdActivity</string>
        <string>io.bidmachine.rendering.ad.fullscreen.FullScreenActivity</string>
        <string>theoremreach.com.theoremreach.RewardCenterActivity</string>
        <string>com.smaato.sdk.interstitial.view.InterstitialAdActivity</string>
        <string>com.amazon.device.ads.DTBAdActivity</string>
        <string>com.applovin.creative.MaxCreativeDebuggerDisplayedAdActivity</string>
        <string>com.moengage.pushbase.internal.activity.PermissionActivity</string>
        <string>com.fyber.inneractive.sdk.activities.InneractiveRichMediaVideoPlayerActivityCore</string>
        <string>com.smaato.sdk.rewarded.view.RewardedInterstitialAdActivity</string>
        <string>com.radio.pocketfm.ProfileEditActivity</string>
        <string>com.radio.pocketfm.app.AdminControlsActivity</string>
        <string>com.fyber.ads.ofw.OfferWallActivity</string>
        <string>com.applovin.mediation.hybridAds.MaxHybridMRecAdActivity</string>
        <string>com.android.billingclient.api.ProxyBillingActivity</string>
        <string>com.applovin.creative.MaxCreativeDebuggerActivity</string>
        <string>com.fyber.fairbid.sdk.testsuite.views.TestSuiteActivity</string>
        <string>com.applovin.mediation.MaxDebuggerActivity</string>
        <string>com.radio.pocketfm.app.mobile.ui.chat.ChatBotConversationActivity</string>
        <string>com.moengage.inapp.internal.activity.MoEInAppActivity</string>
        <string>com.stripe.android.view.PaymentFlowActivity</string>
        <string>com.freshchat.consumer.sdk.activity.ArticleDetailActivity</string>
        <string>com.stripe.android.stripe3ds2.views.ChallengeProgressActivity</string>
        <string>com.radio.pocketfm.tv.player.PlayerActivityTV</string>
        <string>com.applovin.mediation.MaxDebuggerAdUnitDetailActivity</string>
        <string>com.radio.pocketfm.app.maintenance.AppMaintenanceActivity</string>
        <string>com.stripe.android.view.Stripe3ds2CompletionActivity</string>
        <string>com.freshchat.consumer.sdk.activity.InterstitialActivity</string>
        <string>com.byteplus.vod.input.media.SampleShortVideoActivity</string>
        <string>com.applovin.mediation.MaxDebuggerMultiAdActivity</string>
        <string>com.radio.pocketfm.ClipBoardUtilActivity</string>
        <string>com.moengage.pushbase.activities.PushClickDialogTracker</string>
        <string>com.fyber.inneractive.sdk.activities.InternalStoreWebpageActivity</string>
        <string>com.xiaomi.mipush.sdk.NotificationClickedActivity</string>
        <string>com.android.billingclient.api.ProxyBillingActivityV2</string>
        <string>com.applovin.sdk.AppLovinWebViewActivity</string>
        <string>com.applovin.mediation.MaxDebuggerTestModeNetworkActivity</string>
        <string>com.freshchat.consumer.sdk.activity.ArticleListActivity</string>
        <string>com.google.android.gms.ads.AdActivity</string>
        <string>com.stripe.android.view.AddPaymentMethodActivity</string>
        <string>com.google.android.tv.ads.controls.FallbackImageActivity</string>
        <string>com.freshchat.consumer.sdk.activity.FAQListActivity</string>
        <string>com.byteplus.vod.minidrama.scene.main.DramaMainActivity</string>
        <string>com.radio.pocketfm.app.onboarding.ui.WalkthroughActivity</string>
        <string>com.explorestack.iab.vast.activity.VastActivity</string>
        <string>com.radio.pocketfm.app.FirebasePhoneAuthActivity</string>
        <string>com.radio.pocketfm.FeedActivity</string>
        <string>com.moe.pushlibrary.activities.MoEActivity</string>
        <string>com.freshchat.consumer.sdk.activity.PictureAttachmentActivity</string>
        <string>com.google.firebase.auth.internal.GenericIdpActivity</string>
        <string>com.radio.pocketfm.app.wallet.view.PaymentSuccessActivity</string>
        <string>com.applovin.adview.AppLovinFullscreenActivity</string>
        <string>com.fyber.inneractive.sdk.activities.InneractiveFullscreenAdActivity</string>
        <string>com.explorestack.iab.mraid.MraidActivity</string>
        <string>com.google.android.gms.ads.NotificationHandlerActivity</string>
        <string>com.radio.pocketfm.tv.login.LoginActivityTV</string>
        <string>com.freshchat.consumer.sdk.activity.ChannelListActivity</string>
        <string>com.byteplus.vod.minidrama.scene.detail.DramaDetailVideoActivity</string>
        <string>com.stripe.android.view.PaymentMethodsActivity</string>
        <string>com.amazon.aps.ads.activity.ApsInterstitialActivity</string>
        <string>com.applovin.mediation.MaxDebuggerCmpNetworksListActivity</string>
        <string>com.freshchat.consumer.sdk.activity.ConversationDetailActivity</string>
        <string>com.applovin.mediation.MaxDebuggerTcfInfoListActivity</string>
        <string>com.google.android.gms.auth.api.signin.internal.SignInHubActivity</string>
        <string>com.applovin.mediation.MaxDebuggerTcfConsentStatusesListActivity</string>
        <string>com.fyber.inneractive.sdk.activities.FyberReportAdActivity</string>
        <string>com.applovin.mediation.MaxDebuggerDetailActivity</string>
        <string>com.radio.pocketfm.tv.showdetail.ShowDetailActivityTV</string>
        <string>com.canhub.cropper.CropImageActivity</string>
        <string>com.facebook.CustomTabActivity</string>
        <string>com.byteplus.vod.input.media.SampleSourceActivity</string>
        <string>com.byteplus.vod.input.media.SampleFeedVideoActivity</string>
        <string>com.stripe.android.stripe3ds2.views.ChallengeActivity</string>
        <string>com.moengage.pushbase.activities.PushTracker</string>
        <string>com.byteplus.voddemo.ui.video.scene.VideoActivity</string>
        <string>com.applovin.mediation.MaxDebuggerAdUnitWaterfallsListActivity</string>
        <string>com.radio.pocketfm.tv.home.FeedActivityTV</string>
        <string>com.radio.pocketfm.app.ExistingUserLoginActivity</string>
        <string>com.freshchat.consumer.sdk.activity.BotFaqDetailsActivity</string>
        <string>com.radio.pocketfm.app.wallet.CoinsRechargeAndPaymentActivity</string>
        <string>com.radio.pocketfm.app.mobile.ui.WebViewActivity</string>
        <string>com.byteplus.vod.minidrama.scene.detail.pay.DramaEpisodeMockAdActivity</string>
        <string>com.fyber.inneractive.sdk.activities.InneractiveInternalBrowserActivity</string>
        <string>com.freshchat.consumer.sdk.activity.CategoryListActivity</string>
        <string>com.radio.pocketfm.OnBoardingStepsActivity</string>
        <string>com.stripe.android.view.PaymentRelayActivity</string>
        <string>com.applovin.mediation.MaxDebuggerTcfStringActivity</string>
        <string>com.encdata.rakib.classes.DefaultProvider$MyActivity</string>
        <string>com.explorestack.iab.mraid.MraidDialogActivity</string>
    </set>
    <string name="registration_id">eWIthaHyTtO3VcTvnz2c3O:APA91bEgG42jj44G6ruq52u_hIfNFRUJIeIK5sn20sFkd4kC4jqfoCaFmyuePkKwjOLCw7v_Ndq8liNwyieubKl0DmXjOdNdudQdslTJmTiAYAektLrC3xc</string>
    <boolean name="pref_installed" value="true" />
    <boolean name="is_device_registered" value="true" />
    <long name="last_config_sync_time" value="1762625595337" />
    <string name="core_moengage_environment">DEFAULT</string>
    <long name="notification_permission_tracked_time" value="1762625601028" />
    <long name="events_batch_number" value="12" />
    <long name="inapp_api_sync_delay" value="900" />
    <long name="inapp_html_assets_delete_time" value="1762625595" />
    <boolean name="has_registered_for_verification" value="false" />
    <long name="in_app_global_delay" value="900" />
    <string name="APP_UUID">c16f60b2-708b-4451-88cc-25ccfe5abf5b</string>
    <string name="user_attribute_unique_id">58d34fbdb3977ebd850706778e46d7f6044651ed</string>
</map>
