<?xml version='1.0' encoding='utf-8' standalone='yes' ?>
<map>
    <long name="first_open_time" value="1762858724181" />
    <string name="gmp_app_id">1:708611389712:android:b55b33281072ef0fed4d95</string>
    <string name="app_instance_id">82cf8e7dc0f83639ae1dcaec4fe47f4d</string>
    <boolean name="has_been_opened" value="true" />
    <boolean name="app_backgrounded" value="true" />
    <boolean name="allow_remote_dynamite" value="true" />
    <long name="health_monitor:start" value="1762858735775" />
    <boolean name="use_service" value="true" />
    <boolean name="start_new_session" value="true" />
</map>
