<?xml version='1.0' encoding='utf-8' standalone='yes' ?>
<map>
    <boolean name="deep_link_retrieval_complete" value="true" />
    <long name="first_open_time" value="1761568544516" />
    <string name="gmp_app_id">1:708611389712:android:b55b33281072ef0fed4d95</string>
    <string name="app_instance_id">d871db200dc0bc1c5dfa61771344c88a</string>
    <long name="deep_link_retrieval_attempts" value="1" />
    <long name="session_id" value="1762625594" />
    <boolean name="app_backgrounded" value="true" />
    <long name="health_monitor:start" value="1762625594085" />
    <boolean name="use_service" value="true" />
    <boolean name="deferred_analytics_collection" value="false" />
    <string name="previous_os_version">11</string>
    <boolean name="has_been_opened" value="true" />
    <boolean name="allow_remote_dynamite" value="true" />
    <long name="last_pause_time" value="1762625602611" />
    <boolean name="start_new_session" value="false" />
</map>
