<?xml version='1.0' encoding='utf-8' standalone='yes' ?>
<map>
    <long name="recent_onboarding_call_time" value="1761568604814" />
    <boolean name="has_sent_install_info" value="true" />
    <boolean name="is_whatsapp" value="false" />
    <string name="monther_Fucker">111476627</string>
    <boolean name="first_open_recorded" value="true" />
    <string name="language">hindi</string>
    <string name="device_type">phone</string>
    <boolean name="referral_welcome_screen_shown" value="true" />
    <string name="profile_contact_info"></string>
    <long name="APP_FLYER_REFERRING_PARAMS_CLICK_TIME" value="0" />
    <boolean name="is_first_launch" value="false" />
    <boolean name="has_liked_three_shows" value="true" />
    <boolean name="is_reinstalled_user" value="true" />
    <long name="geksbdmarbr" value="1761491392" />
    <int name="last_app_version_code" value="42" />
    <string name="user_mobile">+916395802758</string>
    <boolean name="ad_free_playtime_tracking_enabled" value="false" />
    <boolean name="primary_profile" value="true" />
    <long name="Eile" value="1762625598086" />
    <string name="is_audited">false</string>
    <boolean name="is_device_update_called" value="true" />
    <boolean name="user_came_after_dynamic_onboarding_flow" value="true" />
    <string name="Land">{&quot;ads_sdk_to_init&quot;:[&quot;GOOGLE&quot;,&quot;IRON_SOURCE&quot;,&quot;APPLOVIN&quot;,&quot;AUDIOMOB&quot;,&quot;AWS&quot;,&quot;OGURY&quot;],&quot;comment_config&quot;:{},&quot;instream_ad_timeout_delay&quot;:0,&quot;mux_analytics_enabled&quot;:false,&quot;is_rv_eligible&quot;:false,&quot;stream_analytics_enabled&quot;:false,&quot;stream_analytics_mode_full&quot;:false,&quot;payment_cancellation_sheet&quot;:{&quot;current_balance&quot;:0,&quot;heading&quot;:&quot;Are you sure you want to exit?&quot;,&quot;is_force_config&quot;:false,&quot;media&quot;:{&quot;media_type&quot;:&quot;image&quot;,&quot;media_url&quot;:&quot;https://djhonz7dexnot.cloudfront.net/63372eb274052bfb4e9d853d57855895636514fc.png&quot;,&quot;ratio&quot;:&quot;0.20&quot;},&quot;primary_cta&quot;:{&quot;action_url&quot;:&quot;&quot;,&quot;color&quot;:&quot;#FFFFFF&quot;,&quot;is_enabled&quot;:true,&quot;text&quot;:&quot;No&quot;,&quot;text_color&quot;:&quot;#0A0A0A&quot;,&quot;view_id_event&quot;:&quot;no&quot;},&quot;screen_load_event&quot;:&quot;transaction_cancel_confirm&quot;,&quot;secondary_cta&quot;:{&quot;action_url&quot;:&quot;&quot;,&quot;color&quot;:&quot;#4C4C4C&quot;,&quot;is_enabled&quot;:true,&quot;text&quot;:&quot;Yes&quot;,&quot;text_color&quot;:&quot;#FFFFFF&quot;,&quot;view_id_event&quot;:&quot;yes&quot;},&quot;sub_heading&quot;:&quot;You are just a few steps away from completing the payment. Going back will cancel the payment process.&quot;,&quot;show_multi_profile_benefits&quot;:false},&quot;payment_failed_sheet&quot;:{&quot;current_balance&quot;:0,&quot;heading&quot;:&quot;Oops! Something went wrong&quot;,&quot;is_force_config&quot;:false,&quot;media&quot;:{&quot;dimensions&quot;:{&quot;top_margin&quot;:24,&quot;width&quot;:56},&quot;media_type&quot;:&quot;image&quot;,&quot;media_url&quot;:&quot;https://djhonz7dexnot.cloudfront.net/8f05bf506e8427e660a250430a1578e2806021d2.png&quot;,&quot;ratio&quot;:&quot;1&quot;},&quot;primary_cta&quot;:{&quot;action_url&quot;:&quot;&quot;,&quot;color&quot;:&quot;#FFFFFF&quot;,&quot;is_enabled&quot;:true,&quot;text&quot;:&quot;Continue watching&quot;,&quot;text_color&quot;:&quot;#0A0A0A&quot;,&quot;view_id_event&quot;:&quot;re-try&quot;},&quot;screen_load_event&quot;:&quot;transaction_wrong&quot;,&quot;screen_load_events&quot;:[&quot;transaction_wrong&quot;],&quot;sub_heading&quot;:&quot;Your transaction did not go through. If any amount has been deducted, it will be refunded within 5-7 working days.&quot;,&quot;show_multi_profile_benefits&quot;:false},&quot;payment_processing_sheet&quot;:{&quot;current_balance&quot;:0,&quot;heading&quot;:&quot;Your transaction is pending&quot;,&quot;is_force_config&quot;:false,&quot;media&quot;:{&quot;dimensions&quot;:{&quot;top_margin&quot;:24,&quot;width&quot;:56},&quot;media_type&quot;:&quot;image&quot;,&quot;media_url&quot;:&quot;https://djhonz7dexnot.cloudfront.net/32c82949455ae62a3e1e2d09d1f2b8e4696efeae.png&quot;,&quot;ratio&quot;:&quot;1&quot;},&quot;primary_cta&quot;:{&quot;action_url&quot;:&quot;&quot;,&quot;color&quot;:&quot;#FFFFFF&quot;,&quot;is_enabled&quot;:true,&quot;text&quot;:&quot;Continue watching&quot;,&quot;text_color&quot;:&quot;#0A0A0A&quot;,&quot;view_id_event&quot;:&quot;continue_listening&quot;},&quot;screen_load_event&quot;:&quot;transaction_pending&quot;,&quot;screen_load_events&quot;:[&quot;transaction_pending&quot;],&quot;sub_heading&quot;:&quot;Please wait for some time before the final status reflects on the app. Please avoid making payment again until then.&quot;,&quot;show_multi_profile_benefits&quot;:false},&quot;journey_details&quot;:{&quot;autoplay_time&quot;:10,&quot;journey_type&quot;:&quot;UPDATED_AD_UI_WITH_TIMER&quot;,&quot;pause_ad_on_complete&quot;:false},&quot;settings_ui_info&quot;:{&quot;manage_subscription_deeplink&quot;:&quot;pocketfm://open?entity_type\u003dsubs_detail\u0026screen_name\u003dsubs_detail\u0026entity_id\u003dsubs_detail\u0026from_screen\u003dsettings&quot;,&quot;setting_items&quot;:[&quot;ACCOUNT&quot;,&quot;NOTIFICATION&quot;,&quot;SECURITY&quot;,&quot;SUBSCRIPTION&quot;]},&quot;show_gdpr&quot;:false,&quot;show_pending_transaction_popup&quot;:false,&quot;support_email&quot;:&quot;tv.care@pocketfm.com&quot;,&quot;eligible_promo&quot;:&quot;&quot;,&quot;enable_chat_with_support&quot;:false,&quot;enable_comment_show_detail&quot;:false,&quot;feedback_popup_exp&quot;:false,&quot;home_logo&quot;:{&quot;auto_play&quot;:false,&quot;height&quot;:26,&quot;is_clickable&quot;:false,&quot;media_url&quot;:&quot;https://djhonz7dexnot.cloudfront.net/6dfe4414ee922b3b970e6383176b7533e10e2804.png&quot;,&quot;mute&quot;:false,&quot;show_duration&quot;:30000,&quot;view_id_event&quot;:&quot;tv_premium_logo&quot;,&quot;width&quot;:70},&quot;is_coin_user&quot;:true,&quot;mul_dev_usr&quot;:false,&quot;show_details_has_animation&quot;:false,&quot;show_age_screen&quot;:false,&quot;is_writer_tab_visible_on_profile&quot;:false,&quot;support_options&quot;:[],&quot;tc_url&quot;:&quot;https://www.pocketfm.in/terms-and-conditions&quot;}</string>
    <boolean name="is_premium_subscribed" value="false" />
    <boolean name="is_premium_subscription_download_enabled" value="false" />
    <string name="dob">March 01, 1900</string>
    <boolean name="Fuck" value="true" />
    <boolean name="prefs_saved_after_dynamic_onboarding_flow" value="true" />
    <boolean name="app_session_start_pending" value="true" />
    <boolean name="has_notification_permission" value="true" />
    <string name="fill_name">Arvind Chauhan</string>
    <string name="gender">male</string>
    <boolean name="has_filled_personal_details" value="true" />
    <int name="playback_shimmer_impression_count" value="0" />
    <string name="app_instance_id">d871db200dc0bc1c5dfa61771344c88a</string>
    <string name="APP_FLYER_REFERRING_PARAMS"></string>
    <string name="selected_video_quality_config">null</string>
    <string name="uid">58d34fbdb3977ebd850706778e46d7f6044651ed</string>
    <string name="APP_FLYER_INVITE_PARAMS"></string>
    <long name="first_open_epoc" value="1761568605210" />
    <boolean name="is_wallet_enabled" value="true" />
    <boolean name="is_intra_onboarding_done" value="true" />
    <string name="Fuck You">c49f1757-5b33-46a3-b1c7-21d04fc99999</string>
    <boolean name="auth_migration_done_v2" value="true" />
    <string name="three_selected_shows"></string>
    <boolean name="is_refer_promo_valid" value="false" />
    <string name="Dredxxx">{&quot;default_states&quot;:[&quot;phone_number&quot;],&quot;onb_image_url&quot;:&quot;https://djhonz7dexnot.cloudfront.net/e0d5af91e461b9a58a3737158ae80393e3eaa8bb.png&quot;,&quot;intro_text&quot;:&quot;A new era of entertainment&quot;,&quot;partnership_intro_text&quot;:&quot;Please Sign Up or Login to get your free coins&quot;,&quot;show_login_whatsapp_opt_in&quot;:false,&quot;states&quot;:[&quot;phone_number&quot;,&quot;skip&quot;],&quot;states_color&quot;:{&quot;phone_number&quot;:&quot;red&quot;},&quot;status&quot;:1}</string>
    <boolean name="firebase_token_sent_to_server" value="true" />
    <boolean name="is_new_user_who_has_not_listened_30_sec" value="false" />
    <long name="last_session_time" value="1762625598082" />
    <string name="profile_image_url">http://djhonz7dexnot.cloudfront.net/newneutral8.jpg</string>
    <string name="ip_address">10.16.184.157</string>
    <string name="firebase_token">eWIthaHyTtO3VcTvnz2c3O:APA91bEgG42jj44G6ruq52u_hIfNFRUJIeIK5sn20sFkd4kC4jqfoCaFmyuePkKwjOLCw7v_Ndq8liNwyieubKl0DmXjOdNdudQdslTJmTiAYAektLrC3xc</string>
    <boolean name="MOENGAGE" value="true" />
    <string name="user_arvind"></string>
    <string name="Bosdeka">{&quot;payment_failure_bottom_slider&quot;:{&quot;current_balance&quot;:0,&quot;heading&quot;:&quot;Your purchase wasn\u0027t successful&quot;,&quot;is_force_config&quot;:false,&quot;media&quot;:{&quot;media_type&quot;:&quot;image&quot;,&quot;media_url&quot;:&quot;https://djhonz7dexnot.cloudfront.net/7ffeba94b89ee51956ac3466ab58552606ec5879.png&quot;,&quot;ratio&quot;:&quot;0.24&quot;},&quot;primary_cta&quot;:{&quot;action_url&quot;:&quot;&quot;,&quot;color&quot;:&quot;#E51A4D&quot;,&quot;is_enabled&quot;:true,&quot;text&quot;:&quot;Okay&quot;},&quot;screen_load_event&quot;:&quot;payment_failure_screen&quot;,&quot;screen_load_events&quot;:[&quot;payment_failure_screen&quot;],&quot;sub_heading&quot;:&quot;Your payment wasn\u0027t successful, Try again maybe this time it will go through&quot;,&quot;show_multi_profile_benefits&quot;:false}}</string>
    <boolean name="ref_called" value="true" />
    <int name="age" value="125" />
</map>
