<?xml version='1.0' encoding='utf-8' standalone='yes' ?>
<map>
    <int name="appVersion" value="30" />
    <string name="user_session">{&quot;session_id&quot;:&quot;c0309a13-1404-411d-840b-4d06275f0c24&quot;,&quot;start_time&quot;:&quot;2025-11-11T10:58:50.059Z&quot;,&quot;last_interaction_time&quot;:1762858734440}</string>
    <long name="last_event_sync_time" value="1762858740814" />
    <long name="inapp_last_sync_time" value="1762858730" />
    <set name="sent_activity_list">
        <string>com.amazon.device.ads.DTBInterstitialActivity</string>
        <string>com.radio.pocketfm.app.maintenance.AppMaintenanceActivity</string>
        <string>com.stripe.android.view.Stripe3ds2CompletionActivity</string>
        <string>theoremreach.com.theoremreach.MomentSurveyActivity</string>
        <string>com.freshchat.consumer.sdk.activity.InterstitialActivity</string>
        <string>com.byteplus.vod.input.media.SampleShortVideoActivity</string>
        <string>com.radio.pocketfm.ClipBoardUtilActivity</string>
        <string>com.freshchat.consumer.sdk.activity.FAQSearchActivity</string>
        <string>com.moengage.pushbase.activities.PushClickDialogTracker</string>
        <string>androidx.compose.ui.tooling.PreviewActivity</string>
        <string>com.stripe.android.view.PaymentAuthWebViewActivity</string>
        <string>com.radio.pocketfm.app.mobile.ui.splash.SplashActivity</string>
        <string>com.freshchat.consumer.sdk.activity.FAQCategoriesActivity</string>
        <string>com.xiaomi.mipush.sdk.NotificationClickedActivity</string>
        <string>com.android.billingclient.api.ProxyBillingActivityV2</string>
        <string>com.radio.pocketfm.app.mobile.ui.routing.RoutingActivity</string>
        <string>androidx.car.app.CarAppPermissionActivity</string>
        <string>com.google.firebase.auth.internal.RecaptchaActivity</string>
        <string>com.freshchat.consumer.sdk.activity.DeeplinkInterstitialActivity</string>
        <string>com.freshchat.consumer.sdk.activity.ArticleListActivity</string>
        <string>com.freshchat.consumer.sdk.activity.FAQDetailsActivity</string>
        <string>com.radio.pocketfm.app.mobile.ui.myspace.UserPreferenceComposeActivity</string>
        <string>androidx.credentials.playservices.HiddenActivity</string>
        <string>com.stripe.android.view.AddPaymentMethodActivity</string>
        <string>com.google.android.tv.ads.controls.FallbackImageActivity</string>
        <string>com.freshchat.consumer.sdk.activity.FAQListActivity</string>
        <string>com.byteplus.vod.minidrama.scene.main.DramaMainActivity</string>
        <string>com.radio.pocketfm.app.onboarding.ui.WalkthroughActivity</string>
        <string>com.radio.pocketfm.app.FirebasePhoneAuthActivity</string>
        <string>com.facebook.FacebookActivity</string>
        <string>com.radio.pocketfm.FeedActivity</string>
        <string>com.moe.pushlibrary.activities.MoEActivity</string>
        <string>com.freshchat.consumer.sdk.activity.PictureAttachmentActivity</string>
        <string>com.google.firebase.auth.internal.GenericIdpActivity</string>
        <string>com.radio.pocketfm.app.wallet.view.PaymentSuccessActivity</string>
        <string>com.facebook.CustomTabMainActivity</string>
        <string>com.radio.pocketfm.UserPreferenceActivity</string>
        <string>com.google.android.play.core.common.PlayCoreDialogWrapperActivity</string>
        <string>com.moengage.hms.pushkit.PushClickTracker</string>
        <string>com.radio.pocketfm.tv.SplashActivityTV</string>
        <string>com.radio.pocketfm.tv.login.LoginActivityTV</string>
        <string>com.freshchat.consumer.sdk.activity.ChannelListActivity</string>
        <string>com.byteplus.vod.minidrama.scene.detail.DramaDetailVideoActivity</string>
        <string>com.stripe.android.view.PaymentMethodsActivity</string>
        <string>com.amazon.aps.ads.activity.ApsInterstitialActivity</string>
        <string>com.google.android.gms.common.api.GoogleApiActivity</string>
        <string>com.freshchat.consumer.sdk.activity.ConversationDetailActivity</string>
        <string>theoremreach.com.theoremreach.RewardCenterActivity</string>
        <string>com.google.android.gms.auth.api.signin.internal.SignInHubActivity</string>
        <string>com.amazon.device.ads.DTBAdActivity</string>
        <string>com.moengage.pushbase.internal.activity.PermissionActivity</string>
        <string>com.radio.pocketfm.ProfileEditActivity</string>
        <string>com.radio.pocketfm.tv.showdetail.ShowDetailActivityTV</string>
        <string>com.canhub.cropper.CropImageActivity</string>
        <string>com.facebook.CustomTabActivity</string>
        <string>com.radio.pocketfm.app.AdminControlsActivity</string>
        <string>com.byteplus.vod.input.media.SampleSourceActivity</string>
        <string>com.byteplus.vod.input.media.SampleFeedVideoActivity</string>
        <string>com.stripe.android.stripe3ds2.views.ChallengeActivity</string>
        <string>com.moengage.pushbase.activities.PushTracker</string>
        <string>com.byteplus.voddemo.ui.video.scene.VideoActivity</string>
        <string>com.radio.pocketfm.tv.home.FeedActivityTV</string>
        <string>com.radio.pocketfm.app.ExistingUserLoginActivity</string>
        <string>com.android.billingclient.api.ProxyBillingActivity</string>
        <string>com.freshchat.consumer.sdk.activity.BotFaqDetailsActivity</string>
        <string>com.radio.pocketfm.app.wallet.CoinsRechargeAndPaymentActivity</string>
        <string>com.radio.pocketfm.app.mobile.ui.chat.ChatBotConversationActivity</string>
        <string>com.radio.pocketfm.app.mobile.ui.WebViewActivity</string>
        <string>com.moengage.inapp.internal.activity.MoEInAppActivity</string>
        <string>com.stripe.android.view.PaymentFlowActivity</string>
        <string>com.freshchat.consumer.sdk.activity.ArticleDetailActivity</string>
        <string>com.byteplus.vod.minidrama.scene.detail.pay.DramaEpisodeMockAdActivity</string>
        <string>com.freshchat.consumer.sdk.activity.CategoryListActivity</string>
        <string>com.stripe.android.stripe3ds2.views.ChallengeProgressActivity</string>
        <string>com.radio.pocketfm.OnBoardingStepsActivity</string>
        <string>com.stripe.android.view.PaymentRelayActivity</string>
        <string>com.radio.pocketfm.tv.player.PlayerActivityTV</string>
    </set>
    <string name="registration_id">dawEewVTRMaV3XnzXjpdYm:APA91bG60Dfaq405DHlR7tXLkAsjTzgX8aeg443iOT4ZK9ar5FbRDtudcaMzGp44RI1yaelFRjCKOR-M_dj4RUOg7O8_X1A4cKfFek0pg_0feZdLuUUs_-I</string>
    <boolean name="pref_installed" value="true" />
    <boolean name="is_device_registered" value="true" />
    <string name="core_moengage_environment">DEFAULT</string>
    <long name="notification_permission_tracked_time" value="1762858732559" />
    <long name="events_batch_number" value="5" />
    <long name="inapp_api_sync_delay" value="900" />
    <long name="inapp_html_assets_delete_time" value="1762858725" />
    <boolean name="has_registered_for_verification" value="false" />
    <long name="in_app_global_delay" value="900" />
    <string name="APP_UUID">c462bbc6-f973-4401-9b1f-6a4c8b5aafaf</string>
    <string name="user_attribute_unique_id">0d885abec0465f63</string>
</map>
