{"Fid":"dawEewVTRMaV3XnzXjpdYm","Status":3,"AuthToken":"eyJhbGciOiJFUzI1NiIsInR5cCI6IkpXVCJ9.eyJhcHBJZCI6IjE6NzA4NjExMzg5NzEyOmFuZHJvaWQ6YjU1YjMzMjgxMDcyZWYwZmVkNGQ5NSIsImV4cCI6MTc2MzQ2MzUyNSwiZmlkIjoiZGF3RWV3VlRSTWFWM1huelhqcGRZbSIsInByb2plY3ROdW1iZXIiOjcwODYxMTM4OTcxMn0.AB2LPV8wRAIgChAx71sI3QTSsC_tvgDyhaQ-tOP2WcucGalnQiYQuxkCIGsIxsN2EWpI4ZcTe5cPEutoeSnPMw_7AVOsBopyWn0f","RefreshToken":"3_AS3qfwICSeSEGlews9LRnOR1y8pZOcyvJ6J_o1_qXtXfrmXGfnjs6nHpcOZw-GebpLI5EyHNGPyXLpfyLTbEopbZF96nyzvoSxMX66xafGFIW7k","TokenCreationEpochInSecs":1762858725,"ExpiresInSecs":604800}